{
  "best_model": "Gradient Boosting",
  "dataset_size": 20640,
  "n_features": 12,
  "feature_names": [
    "MedInc",
    "HouseAge",
    "AveRooms",
    "AveBedrms",
    "Population",
    "AveOccup",
    "Latitude",
    "Longitude",
    "rooms_per_household",
    "bedrooms_ratio",
    "population_per_household",
    "income_per_room"
  ],
  "price_stats": {
    "min": 0.15,
    "max": 5.0,
    "mean": 2.0686,
    "median": 1.797,
    "std": 1.154,
    "p25": 1.196,
    "p75": 2.6472,
    "p90": 3.766,
    "p99": 5.0
  },
  "models": {
    "Linear Regression": {
      "rmse": 0.6735,
      "mae": 0.487,
      "r2": 0.6538,
      "adjusted_r2": 0.6528,
      "cv_r2_mean": 0.6594,
      "cv_r2_std": 0.0197
    },
    "Ridge Regression": {
      "rmse": 0.6735,
      "mae": 0.487,
      "r2": 0.6538,
      "adjusted_r2": 0.6528,
      "cv_r2_mean": 0.6594,
      "cv_r2_std": 0.0197
    },
    "Lasso Regression": {
      "rmse": 0.6738,
      "mae": 0.4872,
      "r2": 0.6535,
      "adjusted_r2": 0.6525,
      "cv_r2_mean": 0.6596,
      "cv_r2_std": 0.0191
    },
    "Random Forest": {
      "rmse": 0.5059,
      "mae": 0.3329,
      "r2": 0.8047,
      "adjusted_r2": 0.8041,
      "cv_r2_mean": 0.8038,
      "cv_r2_std": 0.0032
    },
    "Gradient Boosting": {
      "rmse": 0.4668,
      "mae": 0.3091,
      "r2": 0.8337,
      "adjusted_r2": 0.8332,
      "cv_r2_mean": 0.8307,
      "cv_r2_std": 0.0041
    }
  },
  "best_actual_sample": [
    2.385,
    3.297,
    0.952,
    2.451,
    0.641,
    3.766,
    2.307,
    1.752,
    4.167,
    0.938,
    1.967,
    1.75,
    0.546,
    3.307,
    1.063,
    4.381,
    0.859,
    0.982,
    1.941,
    1.457,
    1.204,
    0.955,
    3.621,
    5.00001,
    1.663,
    0.917,
    1.443,
    1.221,
    0.885,
    2.832,
    0.65,
    1.016,
    1.625,
    2.25,
    3.35,
    1.941,
    2.381,
    0.6,
    5.00001,
    1.493,
    4.39,
    2.929,
    1.236,
    3.282,
    2.369,
    0.69,
    4.838,
    4.553,
    1.357,
    2.667,
    1.655,
    1.5,
    2.119,
    0.982,
    3.579,
    0.689,
    3.141,
    1.593,
    4.473,
    0.647,
    1.125,
    2.32,
    5.00001,
    1.652,
    2.25,
    3.862,
    1.899,
    2.45,
    3.4,
    3.12,
    3.391,
    1.471,
    0.813,
    0.908,
    0.584,
    2.346,
    1.639,
    4.65,
    1.734,
    2.223,
    2.073,
    2.786,
    1.861,
    2.059,
    3.35,
    3.649,
    0.648,
    1.205,
    3.229,
    1.783,
    1.875,
    3.913,
    2.182,
    1.542,
    1.202,
    1.625,
    5.00001,
    2.096,
    5.00001,
    1.623,
    1.963,
    1.956,
    2.258,
    3.074,
    1.426,
    3.833,
    2.132,
    1.579,
    1.773,
    5.00001,
    3.003,
    1.585,
    5.00001,
    3.248,
    1.118,
    1.932,
    1.688,
    2.804,
    2.15,
    1.875,
    2.926,
    2.724,
    5.00001,
    1.639,
    1.688,
    1.112,
    2.638,
    0.669,
    2.564,
    0.989,
    4.361,
    2.925,
    2.559,
    0.638,
    2.453,
    2.56,
    2.198,
    2.909,
    3.356,
    2.304,
    1.625,
    2.158,
    1.32,
    1.838,
    2.313,
    2.109,
    3.631,
    1.244,
    0.973,
    0.969,
    2.846,
    1.601,
    1.423,
    1.914,
    1.635,
    2.848,
    0.942,
    0.962,
    0.847,
    2.25,
    2.445,
    2.38,
    0.966,
    1.554,
    1.625,
    1.292,
    1.307,
    1.777,
    1.225,
    1.536,
    2.702,
    4.786,
    5.00001,
    2.135,
    3.989,
    2.129,
    2.018,
    0.834,
    5.00001,
    1.283,
    2.781,
    4.188,
    3.303,
    4.047,
    2.421,
    0.844,
    1.318,
    1.548,
    1.029,
    1.982,
    1.192,
    1.347,
    1.563,
    5.00001,
    1.628,
    1.817,
    3.528,
    1.443,
    1.164,
    1.21,
    1.67,
    2.779,
    1.375,
    2.992,
    0.736,
    1.625,
    3.273,
    2.672,
    2.103,
    1.129,
    4.367,
    3.0,
    5.00001,
    2.048,
    1.64,
    0.594,
    1.326,
    1.43,
    1.428,
    1.867,
    1.134,
    1.838,
    1.606,
    1.52,
    1.828,
    1.875,
    1.692,
    2.971,
    1.413,
    1.128,
    1.75,
    1.589,
    1.596,
    4.119,
    3.511,
    0.98,
    1.425,
    2.268,
    2.741,
    4.367,
    2.739,
    3.468,
    1.296,
    0.894,
    3.194,
    1.911,
    1.795,
    1.104,
    4.01,
    1.327,
    0.513,
    2.901,
    3.118,
    4.183,
    1.32,
    2.197,
    1.583,
    1.417,
    2.485,
    3.812,
    4.808,
    0.958,
    1.026,
    1.667,
    2.159,
    0.681,
    2.25,
    3.504,
    2.762,
    0.96,
    1.449,
    1.438,
    1.515,
    1.218,
    2.27,
    1.808,
    1.194,
    1.406,
    1.704,
    2.855,
    0.527,
    3.271,
    2.132,
    2.409,
    1.75,
    1.231,
    0.881,
    1.188,
    1.377,
    3.42,
    1.607,
    1.186,
    1.125,
    1.072,
    1.76,
    2.876,
    1.828,
    1.642,
    1.908,
    0.498,
    3.329,
    0.707,
    0.59,
    5.00001,
    3.485,
    2.19,
    3.308,
    2.229,
    3.423,
    0.584,
    1.701,
    2.647,
    1.106,
    1.522,
    0.942,
    2.178,
    1.9,
    0.838,
    0.635,
    1.49,
    1.984,
    1.969,
    1.77,
    0.995,
    2.241,
    4.25,
    3.074,
    3.357,
    1.91,
    5.00001,
    5.00001,
    1.617,
    3.75,
    3.587,
    3.885,
    4.313,
    3.75,
    1.603,
    1.781,
    2.316,
    1.369,
    1.039,
    1.982,
    1.963,
    1.254,
    3.847,
    1.284,
    1.588,
    1.127,
    1.042,
    3.766,
    0.508,
    0.713,
    1.475,
    4.333,
    2.441,
    2.0,
    2.083,
    1.625,
    1.81,
    2.25,
    0.786,
    1.215,
    0.979,
    1.491,
    2.806,
    2.35,
    1.621,
    1.575,
    1.229,
    1.744,
    1.546,
    0.878,
    1.653,
    1.381,
    4.445,
    1.691,
    2.813,
    2.393,
    2.976,
    1.44,
    2.242,
    1.375,
    2.31,
    1.856,
    1.857,
    0.833,
    1.294,
    1.071,
    1.078,
    1.5,
    1.513,
    3.291,
    2.822,
    2.083,
    0.972,
    3.541,
    1.104,
    2.601,
    1.108,
    1.63,
    2.307,
    1.993,
    1.902,
    0.496,
    1.919,
    2.801,
    1.011,
    0.988,
    0.682,
    3.084,
    1.143,
    0.92,
    2.094,
    2.754,
    3.167,
    0.555,
    1.51,
    0.929,
    5.0,
    1.028,
    1.375,
    1.531,
    5.00001,
    1.75,
    1.552,
    0.488,
    0.85,
    2.761,
    1.37,
    3.491,
    3.43,
    2.487,
    1.375,
    1.954,
    1.523,
    0.697,
    0.95,
    2.125,
    1.805,
    1.625,
    0.819,
    0.677,
    2.728,
    2.653,
    3.762,
    1.411,
    4.163,
    1.975,
    3.455,
    0.864,
    1.118,
    0.762,
    1.482,
    2.134,
    1.625,
    1.933,
    1.525,
    1.738,
    2.083,
    0.633,
    2.019,
    0.63,
    1.731,
    5.00001,
    1.771,
    1.976,
    0.804,
    1.388,
    0.606,
    1.183,
    1.663,
    1.561,
    4.379,
    1.938,
    1.092,
    2.695,
    4.885,
    2.042,
    4.429,
    1.563,
    0.58,
    2.359,
    3.2,
    1.83,
    1.731,
    2.442,
    2.134,
    0.742,
    1.813,
    1.61,
    4.112,
    1.012,
    2.151,
    3.883,
    1.393,
    1.767,
    2.555,
    1.626,
    2.978
  ],